state,jurisdiction,document,pdf_url,text_url,title
Illinois,State,Illinois Police Bill of Rights,https://www.checkthepolice.org/s/Illinois-PBR.pdf,https://raw.githubusercontent.com/PoliceContracts/PoliceContracts/master/Illinois/State/Illinois%20Police%20Bill%20of%20Rights.txt,State Illinois Police Bill of Rights
Illinois,Chicago,Police Union Contract Accountability Fact Sheet,https://www.dropbox.com/s/2o3dtucoap7fw7h/Chicago%20Police%20Contract%20Police%20Accountability%20Review%207.10.15.pdf?dl=0,https://raw.githubusercontent.com/PoliceContracts/PoliceContracts/master/Illinois/Chicago/Police%20Union%20Contract%20Accountability%20Fact%20Sheet.txt,Chicago Police Union Contract Accountability Fact Sheet
Illinois,Chicago,Police Union Contract,https://www.checkthepolice.org/s/Chicagopolicecontract.pdf,https://raw.githubusercontent.com/PoliceContracts/PoliceContracts/master/Illinois/Chicago/Chicago%20Police%20Union%20Contract.txt,Chicago Police Union Contract
Arizona,Phoenix,Police Union Contract,https://www.checkthepolice.org/s/Phoenix-police-union-contract.pdf,https://raw.githubusercontent.com/PoliceContracts/PoliceContracts/master/Arizona/Phoenix/Police%20Union%20Contract.txt,Phoenix Police Union Contract
Arizona,Chandler,sergeant's,https://www.checkthepolice.org/s/Chandler-police-sergeants-contract.pdf,https://raw.githubusercontent.com/PoliceContracts/PoliceContracts/master/Arizona/Chandler/sergeant%27s.txt,Chandler sergeant's
Arizona,Chandler,police officers,https://www.checkthepolice.org/s/Chandler-police-contract.pdf,https://raw.githubusercontent.com/PoliceContracts/PoliceContracts/master/Arizona/Chandler/police%20officers.txt,Chandler police officers
Arizona,Tucson,Police Union Contract,https://www.checkthepolice.org/s/Tucson-police-contract.pdf,https://raw.githubusercontent.com/PoliceContracts/PoliceContracts/master/Arizona/Tucson/Police%20Union%20Contract.txt,Tucson Police Union Contract
Arizona,Mesa,Police Union Contract,https://www.checkthepolice.org/s/Mesa-Police-Union-Contract.pdf,https://raw.githubusercontent.com/PoliceContracts/PoliceContracts/master/Arizona/Mesa/Police%20Union%20Contract.txt,Mesa Police Union Contract
Indiana,Fort Wayne,Police Union Contract,https://www.checkthepolice.org/s/Fort-Wayne-Police-contract.pdf,https://raw.githubusercontent.com/PoliceContracts/PoliceContracts/master/Indiana/Fort%20Wayne/Police%20Union%20Contract.txt,Fort Wayne Police Union Contract
Indiana,Indianapolis,Police Union Contract,https://www.checkthepolice.org/s/Indianapolispolicecontract.pdf,https://raw.githubusercontent.com/PoliceContracts/PoliceContracts/master/Indiana/Indianapolis/Police%20Union%20Contract.txt,Indianapolis Police Union Contract
Tennessee,Metropolitan Nashville,Police Union Contract,https://www.checkthepolice.org/s/Nashville-police-contract.pdf,https://raw.githubusercontent.com/PoliceContracts/PoliceContracts/master/Tennessee/Metropolitan%20Nashville/Police%20Union%20Contract.txt,Metropolitan Nashville Police Union Contract
Tennessee,Memphis,Police Union Contract,https://www.checkthepolice.org/s/Memphis-Police-Contract.pdf,https://raw.githubusercontent.com/PoliceContracts/PoliceContracts/master/Tennessee/Memphis/Police%20Union%20Contract.txt,Memphis Police Union Contract
Maryland,Baltimore,non supervisors,https://www.checkthepolice.org/s/Baltimore-police-contract-14-16.pdf,https://raw.githubusercontent.com/PoliceContracts/PoliceContracts/master/Maryland/Baltimore/non%20supervisors.txt,Baltimore non supervisors
Maryland,Baltimore,supervisors,https://www.checkthepolice.org/s/Baltimore-police-sergeants-contract-11.pdf,https://raw.githubusercontent.com/PoliceContracts/PoliceContracts/master/Maryland/Baltimore/supervisors.txt,Baltimore supervisors
Pennsylvania,Pittsburgh,Police Union Contract,https://www.checkthepolice.org/s/Pittsburg-contract.pdf,https://raw.githubusercontent.com/PoliceContracts/PoliceContracts/master/Pennsylvania/Pittsburgh/Police%20Union%20Contract.txt,Pittsburgh Police Union Contract
Pennsylvania,Philadelphia,original contract,https://www.checkthepolice.org/s/2010_Master_FOP_Contract_-_Police_booklet.pdf,https://raw.githubusercontent.com/PoliceContracts/PoliceContracts/master/Pennsylvania/Philadelphia/original%20contract.txt,Philadelphia original contract
Pennsylvania,Philadelphia,Police Union Contract,https://www.checkthepolice.org/s/Philadelphia-police-union-contract.pdf,https://raw.githubusercontent.com/PoliceContracts/PoliceContracts/master/Pennsylvania/Philadelphia/Police%20Union%20Contract.txt,Philadelphia Police Union Contract
Nebraska,Omaha,Police Union Contract,https://www.checkthepolice.org/s/Omaha-police-contract.pdf,https://raw.githubusercontent.com/PoliceContracts/PoliceContracts/master/Nebraska/Omaha/Police%20Union%20Contract.txt,Omaha Police Union Contract
Ohio,Toledo,Police Union Contract,https://www.checkthepolice.org/s/Toledo-Police-Contract.pdf,https://raw.githubusercontent.com/PoliceContracts/PoliceContracts/master/Ohio/Toledo/Police%20Union%20Contract.txt,Toledo Police Union Contract
Ohio,Columbus,Police Union Contract,https://www.checkthepolice.org/s/FOP-OLC-Contract-2017-2020-1.pdf,https://raw.githubusercontent.com/PoliceContracts/PoliceContracts/master/Ohio/Columbus/Police%20Union%20Contract.txt,Columbus Police Union Contract
Ohio,Cincinnati,supervisors,https://www.checkthepolice.org/s/Cincinnatipolicesupervisorscontract.pdf,https://raw.githubusercontent.com/PoliceContracts/PoliceContracts/master/Ohio/Cincinnati/supervisors.txt,Cincinnati supervisors
Ohio,Cincinnati,non-supervisors,https://www.checkthepolice.org/s/Cincinnatipolicenonsupervisorscontract.pdf,https://raw.githubusercontent.com/PoliceContracts/PoliceContracts/master/Ohio/Cincinnati/non-supervisors.txt,Cincinnati non-supervisors
Ohio,Cleveland,supervisors,https://www.dropbox.com/s/50br29dv446cgmk/Cleveland%20police%20supervisors%20contract.pdf?dl=0,https://raw.githubusercontent.com/PoliceContracts/PoliceContracts/master/Ohio/Cleveland/supervisors.txt,Cleveland supervisors
Ohio,Cleveland,non-supervisors,https://www.dropbox.com/s/b26fdto7ddyzx8r/Cleveland%20police%20non%20supervisors%20contract.pdf?dl=0,https://raw.githubusercontent.com/PoliceContracts/PoliceContracts/master/Ohio/Cleveland/non-supervisors.txt,Cleveland non-supervisors
Colorado,Aurora,Police Union Contract,https://www.checkthepolice.org/s/Aurora-police-contract.pdf,https://raw.githubusercontent.com/PoliceContracts/PoliceContracts/master/Colorado/Aurora/Police%20Union%20Contract.txt,Aurora Police Union Contract
Colorado,Denver,Police Union Contract,https://www.checkthepolice.org/s/Denver-police-contract.PDF,https://raw.githubusercontent.com/PoliceContracts/PoliceContracts/master/Colorado/Denver/Police%20Union%20Contract.txt,Denver Police Union Contract
New Jersey,Jersey City,Police Union Contract,https://www.checkthepolice.org/s/Jersey-City-Police-Contract.pdf,https://raw.githubusercontent.com/PoliceContracts/PoliceContracts/master/New%20Jersey/Jersey%20City/Police%20Union%20Contract.txt,Jersey City Police Union Contract
New Jersey,Newark,Police Union Contract,https://www.checkthepolice.org/s/Newark-police-supervisors-contract.pdf,https://raw.githubusercontent.com/PoliceContracts/PoliceContracts/master/New%20Jersey/Newark/Police%20Union%20Contract.txt,Newark Police Union Contract
Alaska,Anchorage,Police Union Contract,https://www.checkthepolice.org/s/Anchorage-police-contract.PDF,https://raw.githubusercontent.com/PoliceContracts/PoliceContracts/master/Alaska/Anchorage/Police%20Union%20Contract.txt,Anchorage Police Union Contract
Oklahoma,Tulsa,Police Union Contract,https://www.checkthepolice.org/s/Tulsa-Police-Contract.pdf,https://raw.githubusercontent.com/PoliceContracts/PoliceContracts/master/Oklahoma/Tulsa/Police%20Union%20Contract.txt,Tulsa Police Union Contract
Oklahoma,Oklahoma City,Police Union Contract,https://www.checkthepolice.org/s/Oklahoma-City-police-contract.pdf,https://raw.githubusercontent.com/PoliceContracts/PoliceContracts/master/Oklahoma/Oklahoma%20City/Police%20Union%20Contract.txt,Oklahoma City Police Union Contract
Washington,Spokane,pt. 2,https://www.checkthepolice.org/s/Spokanepolicecontract2.PDF,https://raw.githubusercontent.com/PoliceContracts/PoliceContracts/master/Washington/Spokane/pt.%202.txt,Spokane pt. 2
Washington,Seattle,Police Union Contract,https://www.seattle.gov/personnel/resources/pubs/SPOG_CBA_2015-2020.pdf,https://raw.githubusercontent.com/PoliceContracts/PoliceContracts/master/Washington/Seattle/Police%20Union%20Contract.txt,Seattle Police Union Contract
"Washington, DC",Washington DC Metropolitan,Police Union Contract,https://www.checkthepolice.org/s/MPD-FOP-CBA-FY-2013-2017_r.pdf,https://raw.githubusercontent.com/PoliceContracts/PoliceContracts/master/Washington%2C%20DC/Washington%20DC%20Metropolitan/Police%20Union%20Contract.txt,Washington DC Metropolitan Police Union Contract
Hawaii,Honolulu,Police Union Contract,https://www.checkthepolice.org/s/Honolulu-Police-Contract.pdf,https://raw.githubusercontent.com/PoliceContracts/PoliceContracts/master/Hawaii/Honolulu/Police%20Union%20Contract.txt,Honolulu Police Union Contract
Minnesota,St. Paul,Police Union Contract,https://www.checkthepolice.org/s/StPaulcontract.pdf,https://raw.githubusercontent.com/PoliceContracts/PoliceContracts/master/Minnesota/St.%20Paul/Police%20Union%20Contract.txt,St. Paul Police Union Contract
Minnesota,State,Minnesota Police Bill of Rights,https://www.checkthepolice.org/s/Minnesota-PBR.pdf,https://raw.githubusercontent.com/PoliceContracts/PoliceContracts/master/Minnesota/State/Minnesota%20Police%20Bill%20of%20Rights.txt,State Minnesota Police Bill of Rights
Kansas,Wichita,Police Union Contract,https://www.checkthepolice.org/s/Wichita-police-contract.pdf,https://raw.githubusercontent.com/PoliceContracts/PoliceContracts/master/Kansas/Wichita/Police%20Union%20Contract.txt,Wichita Police Union Contract
Texas,Houston,Police Union Contract,https://www.checkthepolice.org/s/Houstonpolicecontract.pdf,https://raw.githubusercontent.com/PoliceContracts/PoliceContracts/master/Texas/Houston/Police%20Union%20Contract.txt,Houston Police Union Contract
Texas,Laredo,Police Union Contract,https://www.checkthepolice.org/s/Laredo-Police-Contract.pdf,https://raw.githubusercontent.com/PoliceContracts/PoliceContracts/master/Texas/Laredo/Police%20Union%20Contract.txt,Laredo Police Union Contract
Texas,Austin,Police Union Contract,https://www.checkthepolice.org/s/AustinPoliceContract.pdf,https://raw.githubusercontent.com/PoliceContracts/PoliceContracts/master/Texas/Austin/Police%20Union%20Contract.txt,Austin Police Union Contract
Texas,Corpus Christi,Police Union Contract,https://www.checkthepolice.org/s/Corpus-Christie-Police-Contract-uiao.pdf,https://raw.githubusercontent.com/PoliceContracts/PoliceContracts/master/Texas/Corpus%20Christi/Police%20Union%20Contract.txt,Corpus Christi Police Union Contract
Texas,San Antonio,Police Union Contract,http://www.sanantonio.gov/portals/0/files/atty/CollectiveBargaining/PoliceCBA2016-2021.pdf,https://raw.githubusercontent.com/PoliceContracts/PoliceContracts/master/Texas/San%20Antonio/San%20Antonio%20Police%20Union%20Contract.txt,San Antonio Police Union Contract
Texas,Fort Worth,Police Union Contract,https://www.checkthepolice.org/s/Fort-Worth-police-contract.pdf,https://raw.githubusercontent.com/PoliceContracts/PoliceContracts/master/Texas/Fort%20Worth/Police%20Union%20Contract.txt,Fort Worth Police Union Contract
Texas,Dallas,Police Union Contract,https://www.checkthepolice.org/s/Dallas-police-contract.pdf,https://raw.githubusercontent.com/PoliceContracts/PoliceContracts/master/Texas/Dallas/Police%20Union%20Contract.txt,Dallas Police Union Contract
Texas,El Paso,Police Union Contract,https://www.checkthepolice.org/s/El-Paso-police-contract.pdf,https://raw.githubusercontent.com/PoliceContracts/PoliceContracts/master/Texas/El%20Paso/Police%20Union%20Contract.txt,El Paso Police Union Contract
Wisconsin,State,Wisconsin Police Bill of Rights,https://www.checkthepolice.org/s/Wisconsin-PBR.pdf,https://raw.githubusercontent.com/PoliceContracts/PoliceContracts/master/Wisconsin/State/Wisconsin%20Police%20Bill%20of%20Rights.txt,State Wisconsin Police Bill of Rights
Wisconsin,Milwaukee,Police Union Contract,https://www.checkthepolice.org/s/milwaukee-police-contract.pdf,https://raw.githubusercontent.com/PoliceContracts/PoliceContracts/master/Wisconsin/Milwaukee/Milwaukee%20Police%20Union%20Contract.txt,Milwaukee Police Union Contract 1
Wisconsin,Madison,supervisors,https://www.checkthepolice.org/s/Madisonpolicesupervisorscontract.pdf,https://raw.githubusercontent.com/PoliceContracts/PoliceContracts/master/Wisconsin/Madison/supervisors.txt,Madison supervisors
Wisconsin,Madison,non-supervisors,https://www.checkthepolice.org/s/Madisonpolicenonsupervisorscontract.pdf,https://raw.githubusercontent.com/PoliceContracts/PoliceContracts/master/Wisconsin/Madison/non-supervisors.txt,Madison non-supervisors
California,San Mateo,San Mateo Police Union Contract,https://www.checkthepolice.org/s/san-mateo.pdf,https://raw.githubusercontent.com/PoliceContracts/PoliceContracts/master/California/San%20Mateo/pdfUrl.txt,San Mateo Police Union Contract
California,Eureka,Eureka Police Union Contract,https://www.checkthepolice.org/s/Eureka-Police-Contract.pdf,https://raw.githubusercontent.com/PoliceContracts/PoliceContracts/master/California/Eureka/pdfUrl.txt,Eureka Police Union Contract
California,Santa Ana,non supervisor,https://www.checkthepolice.org/s/Santa-Ana-police-contract.pdf,https://raw.githubusercontent.com/PoliceContracts/PoliceContracts/master/California/Santa%20Ana/non%20supervisor.txt,Santa Ana non supervisor
California,Santa Ana,extension,https://www.checkthepolice.org/s/Santa-Ana-mou-extension.pdf,https://raw.githubusercontent.com/PoliceContracts/PoliceContracts/master/California/Santa%20Ana/extension.txt,Santa Ana extension
California,Santa Ana,supervisor,https://www.checkthepolice.org/s/Santa-Ana-police-supervisor-contract.pdf,https://raw.githubusercontent.com/PoliceContracts/PoliceContracts/master/California/Santa%20Ana/supervisor.txt,Santa Ana supervisor
California,Redwood City,Redwood City Police Union Contract,https://www.checkthepolice.org/s/Redwood-City-Police-Contract.PDF,https://raw.githubusercontent.com/PoliceContracts/PoliceContracts/master/California/Redwood%20City/pdfUrl.txt,Redwood City Police Union Contract
California,Chula Vista,Police Union Contract,https://www.checkthepolice.org/s/chula-vista-police-contract.pdf,https://raw.githubusercontent.com/PoliceContracts/PoliceContracts/master/California/Chula%20Vista/Police%20Union%20Contract.txt,Chula Vista Police Union Contract
California,Glendale,Police Union Contract,https://www.checkthepolice.org/s/Glendale-police-contract.pdf,https://raw.githubusercontent.com/PoliceContracts/PoliceContracts/master/California/Glendale/Police%20Union%20Contract.txt,Glendale Police Union Contract
California,San Leandro,Police Union Contract,https://www.checkthepolice.org/s/San-Leandro-police-union-contract.pdf,https://raw.githubusercontent.com/PoliceContracts/PoliceContracts/master/California/San%20Leandro/pdfUrl.txt,San Leandro Police Union Contract
California,Costa Mesa,Police Union Contract,http://www.costamesaca.gov/modules/showdocument.aspx?documentid=765,https://raw.githubusercontent.com/PoliceContracts/PoliceContracts/master/California/Costa%20Mesa/pdfUrl.txt,Costa Mesa Police Union Contract
California,Burbank,Police Union Contract,https://www.checkthepolice.org/s/Burbank-police-contract-g15k.pdf,https://raw.githubusercontent.com/PoliceContracts/PoliceContracts/master/California/Burbank/pdfUrl.txt,Burbank Police Union Contract
California,Carlsbad,Police Union Contract,https://www.checkthepolice.org/s/Carlsbad-police-contract.pdf,https://raw.githubusercontent.com/PoliceContracts/PoliceContracts/master/California/Carlsbad/pdfUrl.txt,Carlsbad Police Union Contract
California,Hayward,Police Union Contract,https://www.checkthepolice.org/s/Hayward-police-union-contract.pdf,https://raw.githubusercontent.com/PoliceContracts/PoliceContracts/master/California/Hayward/pdfUrl.txt,Hayward Police Union Contract
California,Fresno,non supervisors,https://www.checkthepolice.org/s/Fresno-police-contract.pdf,https://raw.githubusercontent.com/PoliceContracts/PoliceContracts/master/California/Fresno/non%20supervisors.txt,Fresno non supervisors
California,Fresno,supervisors,https://www.checkthepolice.org/s/Fresno-Police-supervisors-contract-jlfd.pdf,https://raw.githubusercontent.com/PoliceContracts/PoliceContracts/master/California/Fresno/supervisors.txt,Fresno supervisors
California,Bakersfield,Police Union Contract,https://www.checkthepolice.org/s/Bakersfield-police-contract.pdf,https://raw.githubusercontent.com/PoliceContracts/PoliceContracts/master/California/Bakersfield/Police%20Union%20Contract.txt,Bakersfield Police Union Contract
California,Cypress,Police Union Contract,https://www.checkthepolice.org/s/Cypress-police-contract.pdf,https://raw.githubusercontent.com/PoliceContracts/PoliceContracts/master/California/Cypress/pdfUrl.txt,Cypress Police Union Contract
California,Richmond,Police Union Contract,https://www.checkthepolice.org/s/Richmond-CA-police-contract.pdf,https://raw.githubusercontent.com/PoliceContracts/PoliceContracts/master/California/Richmond/pdfUrl.txt,Richmond Police Union Contract
California,Stockton,MOU #2,https://www.checkthepolice.org/s/Stockton-police-contract-3.pdf,https://raw.githubusercontent.com/PoliceContracts/PoliceContracts/master/California/Stockton/MOU%20%232.txt,Stockton MOU #2
California,Stockton,MOU #1,https://www.checkthepolice.org/s/Stockton-police-contract-2.pdf,https://raw.githubusercontent.com/PoliceContracts/PoliceContracts/master/California/Stockton/MOU%20%231.txt,Stockton MOU #1
California,Stockton,contract,https://www.checkthepolice.org/s/Stockton-police-contract.pdf,https://raw.githubusercontent.com/PoliceContracts/PoliceContracts/master/California/Stockton/contract.txt,Stockton contract
California,State,California Police Bill of Rights,https://www.checkthepolice.org/s/CApoliceofficersbillofrights.pdf,https://raw.githubusercontent.com/PoliceContracts/PoliceContracts/master/California/State/California%20Police%20Bill%20of%20Rights.txt,State California Police Bill of Rights
California,Los Angeles,LA City Charter Police Disciplinary Provisions,https://www.checkthepolice.org/s/Los-Angeles-City-Charter-police-disciplinary-provisions.pdf,https://raw.githubusercontent.com/PoliceContracts/PoliceContracts/master/California/Los%20Angeles/LA%20City%20Charter%20Police%20Disciplinary%20Provisions.txt,Los Angeles LA City Charter Police Disciplinary Provisions
California,Los Angeles,Police Union Contract,https://www.checkthepolice.org/s/LosAngelespolicecontract-o615.pdf,https://raw.githubusercontent.com/PoliceContracts/PoliceContracts/master/California/Los%20Angeles/Los%20Angeles%20Police%20Union%20Contract.txt,Los Angeles Police Union Contract
California,Long Beach,Police Union Contract,https://www.checkthepolice.org/s/Long-Beach-police-contract.pdf,https://raw.githubusercontent.com/PoliceContracts/PoliceContracts/master/California/Long%20Beach/Police%20Union%20Contract.txt,Long Beach Police Union Contract
California,Berkeley,Police Union Contract,https://www.checkthepolice.org/s/Berkeley-Police-Contract.pdf,https://raw.githubusercontent.com/PoliceContracts/PoliceContracts/master/California/Berkeley/pdfUrl.txt,Berkeley Police Union Contract
California,Rialto,Police Union Contract,https://www.checkthepolice.org/s/Rialto-police-contract.pdf,https://raw.githubusercontent.com/PoliceContracts/PoliceContracts/master/California/Rialto/pdfUrl.txt,Rialto Police Union Contract
California,Beverly Hills,Police Union Contract,https://www.checkthepolice.org/s/Beverly-Hills-police-contract.pdf,https://raw.githubusercontent.com/PoliceContracts/PoliceContracts/master/California/Beverly%20Hills/pdfUrl.txt,Beverly Hills Police Union Contract
California,San Diego,Police Union Contract,https://www.checkthepolice.org/s/San-Diego-police-contract.pdf,https://raw.githubusercontent.com/PoliceContracts/PoliceContracts/master/California/San%20Diego/Police%20Union%20Contract.txt,San Diego Police Union Contract
California,Santa Cruz,Police Union Contract,https://www.checkthepolice.org/s/Santa-Cruz-police-contract.pdf,https://raw.githubusercontent.com/PoliceContracts/PoliceContracts/master/California/Santa%20Cruz/pdfUrl.txt,Santa Cruz Police Union Contract
California,San Jose,contract,https://www.sanjoseca.gov/home/showdocument?id=32017,https://raw.githubusercontent.com/PoliceContracts/PoliceContracts/master/California/San%20Jose/contract.txt,San Jose contract
California,San Jose,transfer policy,https://www.checkthepolice.org/s/SanJosepolicetransferpolicy.pdf,https://raw.githubusercontent.com/PoliceContracts/PoliceContracts/master/California/San%20Jose/transfer%20policy.txt,San Jose transfer policy
California,Riverside,non supervisor,https://www.checkthepolice.org/s/Riverside-police-supervisor-contract-q4jz.pdf,https://raw.githubusercontent.com/PoliceContracts/PoliceContracts/master/California/Riverside/non%20supervisor.txt,Riverside non supervisor
California,Riverside,supervisor,https://www.checkthepolice.org/s/Riverside-police-supervisor-contract.pdf,https://raw.githubusercontent.com/PoliceContracts/PoliceContracts/master/California/Riverside/supervisor.txt,Riverside supervisor
California,Chico,Police Union Contract,https://www.checkthepolice.org/s/Chico-police-contract.pdf,https://raw.githubusercontent.com/PoliceContracts/PoliceContracts/master/California/Chico/pdfUrl.txt,Chico Police Union Contract
California,Sacramento,Police Union Contract,https://www.checkthepolice.org/s/Sacramento-police-contract.pdf,https://raw.githubusercontent.com/PoliceContracts/PoliceContracts/master/California/Sacramento/Police%20Union%20Contract.txt,Sacramento Police Union Contract
California,Los Angeles County,Los Angeles County Sheriff's Department Union Contract,https://www.checkthepolice.org/s/LA-County-Sheriff-Union-Contract.pdf,https://raw.githubusercontent.com/PoliceContracts/PoliceContracts/master/California/Los%20Angeles%20County/pdfUrl.txt,Los Angeles County Sheriff's Department Union Contract
California,Daly City,Police Union Contract,https://www.checkthepolice.org/s/Daly-City-police-contract.pdf,https://raw.githubusercontent.com/PoliceContracts/PoliceContracts/master/California/Daly%20City/pdfUrl.txt,Daly City Police Union Contract
California,Oakland,Police Union Contract,http://www2.oaklandnet.com/oakca1/groups/hrm/documents/memorandum/oak057844.pdf,https://raw.githubusercontent.com/PoliceContracts/PoliceContracts/master/California/Oakland/Police%20Union%20Contract.txt,Oakland Police Union Contract
California,Anaheim,Police Union Contract,https://www.checkthepolice.org/s/Anaheim-police-contract.pdf,https://raw.githubusercontent.com/PoliceContracts/PoliceContracts/master/California/Anaheim/Police%20Union%20Contract.txt,Anaheim Police Union Contract
California,East Palo Alto,Police Union Contract,https://www.checkthepolice.org/s/East-Palo-Alto-police-union-contract.pdf,https://raw.githubusercontent.com/PoliceContracts/PoliceContracts/master/California/East%20Palo%20Alto/pdfUrl.txt,East Palo Alto Police Union Contract
California,Fremont,Police Union Contract,https://www.checkthepolice.org/s/Fremontpolicecontract.pdf,https://raw.githubusercontent.com/PoliceContracts/PoliceContracts/master/California/Fremont/Police%20Union%20Contract.txt,Fremont Police Union Contract
California,Irvine,Police Union Contract,https://www.checkthepolice.org/s/Irvine-CA-Police-Contract.pdf,https://raw.githubusercontent.com/PoliceContracts/PoliceContracts/master/California/Irvine/Police%20Union%20Contract.txt,Irvine Police Union Contract
California,Santa Barbara,Police Union Contract,https://www.checkthepolice.org/s/Santa-Barbara-police-contract.PDF,https://raw.githubusercontent.com/PoliceContracts/PoliceContracts/master/California/Santa%20Barbara/pdfUrl.txt,Santa Barbara Police Union Contract
California,San Francisco,MOU,https://www.dropbox.com/s/edbznrqj37dbpbn/San%20Francisco%20police%20contract.pdf?dl=0,https://raw.githubusercontent.com/PoliceContracts/PoliceContracts/master/California/San%20Francisco/MOU.txt,San Francisco MOU
California,San Francisco,police,https://www.dropbox.com/s/vbciik6nkzq7x1u/San%20Francisco%20police%20contract%202b.pdf?dl=0,https://raw.githubusercontent.com/PoliceContracts/PoliceContracts/master/California/San%20Francisco/police.txt,San Francisco police
California,San Francisco,chiefs,https://www.dropbox.com/s/41azsngl2fl9f2e/San%20Francisco%20police%20chief%20contract.pdf?dl=0,https://raw.githubusercontent.com/PoliceContracts/PoliceContracts/master/California/San%20Francisco/chiefs.txt,San Francisco chiefs
Kentucky,Lexington,Police Union Contract,https://www.checkthepolice.org/s/Lexington-Police-Contract.pdf,https://raw.githubusercontent.com/PoliceContracts/PoliceContracts/master/Kentucky/Lexington/Police%20Union%20Contract.txt,Lexington Police Union Contract
Kentucky,Louisville,Police Union Contract,https://www.checkthepolice.org/s/Louisvillepolicecontract.pdf,https://raw.githubusercontent.com/PoliceContracts/PoliceContracts/master/Kentucky/Louisville/Police%20Union%20Contract.txt,Louisville Police Union Contract
Louisiana,State,Louisiana Police Bill of Rights,https://www.checkthepolice.org/s/Louisiana-PBR.pdf,https://raw.githubusercontent.com/PoliceContracts/PoliceContracts/master/Louisiana/State/Louisiana%20Police%20Bill%20of%20Rights.txt,State Louisiana Police Bill of Rights
Louisiana,Baton Rouge,Police Union Contract,https://www.checkthepolice.org/s/Baton-Rouge-contract.pdf,https://raw.githubusercontent.com/PoliceContracts/PoliceContracts/master/Louisiana/Baton%20Rouge/Police%20Union%20Contract.txt,Baton Rouge Police Union Contract
Missouri,St. Louis Metropolitan,Police Union Contract,https://www.checkthepolice.org/s/St-Louis-Metro-Police-Contract.pdf,https://raw.githubusercontent.com/PoliceContracts/PoliceContracts/master/Missouri/St.%20Louis%20Metropolitan/Police%20Union%20Contract.txt,St. Louis Metropolitan Police Union Contract
Missouri,"Kansas City, MO",Police Union Contract,https://www.checkthepolice.org/s/Kansas-City-MO-Police-Contract.pdf,https://raw.githubusercontent.com/PoliceContracts/PoliceContracts/master/Missouri/Kansas%20City%2C%20MO/Police%20Union%20Contract.txt,"Kansas City, MO Police Union Contract"
Michigan,Detroit,police officers,https://www.checkthepolice.org/s/Detroit-police-contract.pdf,https://raw.githubusercontent.com/PoliceContracts/PoliceContracts/master/Michigan/Detroit/police%20officers.txt,Detroit police officers
Michigan,Detroit,lieutenants,https://www.checkthepolice.org/s/Detroit-police-lieutenants-contract.pdf,https://raw.githubusercontent.com/PoliceContracts/PoliceContracts/master/Michigan/Detroit/lieutenants.txt,Detroit lieutenants
Michigan,Detroit,command officers,https://www.checkthepolice.org/s/Detroit-police-command-officers-contract.pdf,https://raw.githubusercontent.com/PoliceContracts/PoliceContracts/master/Michigan/Detroit/command%20officers.txt,Detroit command officers
Massachusetts,Boston,non supervisor,https://www.checkthepolice.org/s/Boston-police-contract.pdf,https://raw.githubusercontent.com/PoliceContracts/PoliceContracts/master/Massachusetts/Boston/non%20supervisor.txt,Boston non supervisor
Massachusetts,Boston,supervisors,https://www.checkthepolice.org/s/Boston-police-supervisors-contract-hlc6.pdf,https://raw.githubusercontent.com/PoliceContracts/PoliceContracts/master/Massachusetts/Boston/supervisors.txt,Boston supervisors
New Mexico,State,New Mexico Police Bill of Rights,https://www.checkthepolice.org/s/New-Mexico-PBR.pdf,https://raw.githubusercontent.com/PoliceContracts/PoliceContracts/master/New%20Mexico/State/New%20Mexico%20Police%20Bill%20of%20Rights.txt,State New Mexico Police Bill of Rights
New Mexico,Albuquerque,Police Union Contract Police Accountability Fact Sheet,https://www.dropbox.com/s/o80983zlasmwlu5/Albuquerque%20Police%20Contract%20Police%20Accountability%20Review%207.10.15.pdf?dl=0,https://raw.githubusercontent.com/PoliceContracts/PoliceContracts/master/New%20Mexico/Albuquerque/Police%20Union%20Contract%20Police%20Accountability%20Fact%20Sheet.txt,Albuquerque Police Union Contract Police Accountability Fact Sheet
New Mexico,Albuquerque,Police Union Contract,https://www.checkthepolice.org/s/Albuquerque-police-contract.pdf,https://raw.githubusercontent.com/PoliceContracts/PoliceContracts/master/New%20Mexico/Albuquerque/Police%20Union%20Contract.txt,Albuquerque Police Union Contract
Florida,Orlando,Police Union Contract,https://www.dropbox.com/s/4ap3loq4his2bfl/Orlandopolicecontract.pdf?dl=0,https://raw.githubusercontent.com/PoliceContracts/PoliceContracts/master/Florida/Orlando/Police%20Union%20Contract.txt,Orlando Police Union Contract
Florida,Tampa,non supervisor,https://www.checkthepolice.org/s/Tampa-police-contract.pdf,https://raw.githubusercontent.com/PoliceContracts/PoliceContracts/master/Florida/Tampa/non%20supervisor.txt,Tampa non supervisor
Florida,Tampa,supervisor,https://www.checkthepolice.org/s/Tampa-police-lieutenant-contract.pdf,https://raw.githubusercontent.com/PoliceContracts/PoliceContracts/master/Florida/Tampa/supervisor.txt,Tampa supervisor
Florida,State,Florida Police Bill of Rights,https://www.checkthepolice.org/s/Florida-PBR.pdf,https://raw.githubusercontent.com/PoliceContracts/PoliceContracts/master/Florida/State/Florida%20Police%20Bill%20of%20Rights.txt,State Florida Police Bill of Rights
Florida,Jacksonville,supervisors,https://www.checkthepolice.org/s/Jacksonville-supervisor-police-contract.pdf,https://raw.githubusercontent.com/PoliceContracts/PoliceContracts/master/Florida/Jacksonville/supervisors.txt,Jacksonville supervisors
Florida,Jacksonville,non-supervisors,https://www.checkthepolice.org/s/Jacksonville-non-supervisor-police-contract.pdf,https://raw.githubusercontent.com/PoliceContracts/PoliceContracts/master/Florida/Jacksonville/non-supervisors.txt,Jacksonville non-supervisors
Florida,St. Petersburg,non-supervisors,https://www.stpete.org/city_departments/human_resources/docs/PBA Contract.pdf,https://raw.githubusercontent.com/PoliceContracts/PoliceContracts/master/Florida/St.%20Petersburg/non-supervisors.txt,St. Petersburg non-supervisors
Florida,Hialeah,Police Union Contract,https://www.checkthepolice.org/s/Hialeah-Police-Contract.pdf,https://raw.githubusercontent.com/PoliceContracts/PoliceContracts/master/Florida/Hialeah/Police%20Union%20Contract.txt,Hialeah Police Union Contract
New York,Rochester,Police Union Contract,https://www.checkthepolice.org/s/Rochester-police-contract.pdf,https://raw.githubusercontent.com/PoliceContracts/PoliceContracts/master/New%20York/Rochester/Police%20Union%20Contract.txt,Rochester Police Union Contract
New York,Buffalo,pt. 2,https://www.checkthepolice.org/s/BuffaloPD_Interest_Arbitration_Award_July_1_2007-June_30_2009.pdf,https://raw.githubusercontent.com/PoliceContracts/PoliceContracts/master/New%20York/Buffalo/pt.%202.txt,Buffalo pt. 2
New York,Buffalo,pt. 1,https://www.checkthepolice.org/s/BuffaloPD_Contract_Agreements.pdf,https://raw.githubusercontent.com/PoliceContracts/PoliceContracts/master/New%20York/Buffalo/pt.%201.txt,Buffalo pt. 1
New York,New York,police officers [updated],https://www1.nyc.gov/assets/olr/downloads/pdf/collectivebargaining/pba-nyc-moa-2012-2017.pdf,https://raw.githubusercontent.com/PoliceContracts/PoliceContracts/master/New%20York/New%20York/police%20officers%20%5Bupdated%5D.txt,New York police officers [updated]
New York,New York,sergeants,https://www.checkthepolice.org/s/NYC-police-sergeants-contract.pdf,https://raw.githubusercontent.com/PoliceContracts/PoliceContracts/master/New%20York/New%20York/sergeants.txt,New York sergeants
New York,New York,captains,https://www.checkthepolice.org/s/NYC-police-captains-contract.pdf,https://raw.githubusercontent.com/PoliceContracts/PoliceContracts/master/New%20York/New%20York/captains.txt,New York captains
New York,New York,captains revision,https://www.checkthepolice.org/s/NYC-captains-reopener.pdf,https://raw.githubusercontent.com/PoliceContracts/PoliceContracts/master/New%20York/New%20York/captains%20revision.txt,New York captains revision
New York,New York,mou,https://www.checkthepolice.org/s/NYC-police-mou.pdf,https://raw.githubusercontent.com/PoliceContracts/PoliceContracts/master/New%20York/New%20York/mou.txt,New York mou
New York,New York,detectives,http://www.lris.com/wp-content/uploads/contracts/newyork_ny_police_detectives.pdf,https://raw.githubusercontent.com/PoliceContracts/PoliceContracts/master/New%20York/New%20York/detectives.txt,New York detectives
New York,New York,non supervisors,https://www.checkthepolice.org/s/NYC-police-contract.pdf,https://raw.githubusercontent.com/PoliceContracts/PoliceContracts/master/New%20York/New%20York/non%20supervisors.txt,New York non supervisors
Nevada,State,Nevada Police Bill of Rights,https://www.checkthepolice.org/s/Nevada-PBR.pdf,https://raw.githubusercontent.com/PoliceContracts/PoliceContracts/master/Nevada/State/Nevada%20Police%20Bill%20of%20Rights.txt,State Nevada Police Bill of Rights
Nevada,Las Vegas Metropolitan,Police Union Contract,http://lvppa.com/wp-content/uploads/2016/10/CBA-2016-2019-signed.pdf,https://raw.githubusercontent.com/PoliceContracts/PoliceContracts/master/Nevada/Las%20Vegas%20Metropolitan/Police%20Union%20Contract.txt,Las Vegas Metropolitan Police Union Contract
Nevada,North Las Vegas,Police Union Contract,https://www.checkthepolice.org/s/North-Las-Vegas-Police-Contract.pdf,https://raw.githubusercontent.com/PoliceContracts/PoliceContracts/master/Nevada/North%20Las%20Vegas/Police%20Union%20Contract.txt,North Las Vegas Police Union Contract
Nevada,Reno,Police Union Contract,http://www.reno.gov/home/showdocument?id=52642,https://raw.githubusercontent.com/PoliceContracts/PoliceContracts/master/Nevada/Reno/Police%20Union%20Contract.txt,Reno Police Union Contract
Nevada,Henderson,pt. 2,https://www.dropbox.com/s/z8t1o1682en9vlf/Henderson%20police%20contract%202.pdf?dl=0,https://raw.githubusercontent.com/PoliceContracts/PoliceContracts/master/Nevada/Henderson/pt.%202.txt,Henderson pt. 2
Nevada,Henderson,pt. 1,https://www.dropbox.com/s/tqrnq7qfe4a5cdt/Henderson%20police%20contract.pdf?dl=0,https://raw.githubusercontent.com/PoliceContracts/PoliceContracts/master/Nevada/Henderson/pt.%201.txt,Henderson pt. 1